{
  "bots": {
    "bot_XNY_USDT_1755068786": {
      "bot_id": "bot_XNY_USDT_1755068786",
      "pair": "XNY_USDT",
      "status": "idle",
      "config": {
        "pair": "XNY_USDT",
        "budget_per_trade": 50.0,
        "target_profit": 2.5,
        "max_trades": 100,
        "sleep_between_cycles": 1.0,
        "timeout_minutes": 60,
        "max_daily_loss": 0.1,
        "min_win_rate": 0.3,
        "rate_limit_enabled": true,
        "rate_limit_strategy": "sliding_window",
        "rate_limit_safety_margin": 0.8,
        "created_at": "2025-08-13T09:06:26.302128"
      },
      "created_at": "2025-08-13T09:06:26.302148",
      "started_at": null,
      "stopped_at": null,
      "trade_count": 0,
      "profit_loss": 0.0,
      "last_error": null
    },
    "bot_BTC_USDT_1755068786": {
      "bot_id": "bot_BTC_USDT_1755068786",
      "pair": "BTC_USDT",
      "status": "idle",
      "config": {
        "pair": "BTC_USDT",
        "budget_per_trade": 100.0,
        "target_profit": 1.5,
        "max_trades": 50,
        "sleep_between_cycles": 2.0,
        "timeout_minutes": 120,
        "max_daily_loss": 0.05,
        "min_win_rate": 0.4,
        "rate_limit_enabled": true,
        "rate_limit_strategy": "sliding_window",
        "rate_limit_safety_margin": 0.8,
        "created_at": "2025-08-13T09:06:26.302141"
      },
      "created_at": "2025-08-13T09:06:26.302676",
      "started_at": null,
      "stopped_at": null,
      "trade_count": 0,
      "profit_loss": 0.0,
      "last_error": null
    },
    "bot_ZORA_USDT_1755070766": {
      "bot_id": "bot_ZORA_USDT_1755070766",
      "pair": "ZORA_USDT",
      "status": "stopped",
      "config": {
        "pair": "ZORA_USDT",
        "budget_per_trade": 50.0,
        "target_profit": 1.2,
        "max_trades": 100,
        "sleep_between_cycles": 0.5,
        "timeout_minutes": 60,
        "max_daily_loss": 0.1,
        "min_win_rate": 0.75,
        "rate_limit_enabled": true,
        "rate_limit_strategy": "sliding_window",
        "rate_limit_safety_margin": 0.8,
        "created_at": "2025-08-13T09:39:26.219261"
      },
      "created_at": "2025-08-13T09:39:26.219328",
      "started_at": "2025-08-13T09:39:32.357342",
      "stopped_at": "2025-08-13T09:39:35.615005",
      "trade_count": 0,
      "profit_loss": 0.0,
      "last_error": null
    },
    "bot_ZORA_USDT_1755070850": {
      "bot_id": "bot_ZORA_USDT_1755070850",
      "pair": "ZORA_USDT",
      "status": "stopped",
      "config": {
        "pair": "ZORA_USDT",
        "budget_per_trade": 30.0,
        "target_profit": 1.2,
        "max_trades": 100,
        "sleep_between_cycles": 0.5,
        "timeout_minutes": 60,
        "max_daily_loss": 0.1,
        "min_win_rate": 0.75,
        "rate_limit_enabled": true,
        "rate_limit_strategy": "sliding_window",
        "rate_limit_safety_margin": 0.8,
        "created_at": "2025-08-13T09:40:50.575980"
      },
      "created_at": "2025-08-13T09:40:50.576047",
      "started_at": "2025-08-13T09:41:03.335071",
      "stopped_at": "2025-08-13T09:41:06.682987",
      "trade_count": 0,
      "profit_loss": 0.0,
      "last_error": null
    },
    "bot_XNY_USDT_1755071668": {
      "bot_id": "bot_XNY_USDT_1755071668",
      "pair": "XNY_USDT",
      "status": "stopped",
      "config": {
        "pair": "XNY_USDT",
        "budget_per_trade": 50.0,
        "target_profit": 2.5,
        "max_trades": 100,
        "sleep_between_cycles": 0.5,
        "timeout_minutes": 10,
        "max_daily_loss": 0.1,
        "min_win_rate": 0.75,
        "rate_limit_enabled": true,
        "rate_limit_strategy": "sliding_window",
        "rate_limit_safety_margin": 0.8,
        "created_at": "2025-08-13T09:54:28.969040"
      },
      "created_at": "2025-08-13T09:54:28.969090",
      "started_at": "2025-08-13T09:54:35.243713",
      "stopped_at": "2025-08-13T09:54:38.503330",
      "trade_count": 0,
      "profit_loss": 0.0,
      "last_error": null
    },
    "bot_TEST_USDT_1755073769": {
      "bot_id": "bot_TEST_USDT_1755073769",
      "pair": "TEST_USDT",
      "status": "idle",
      "config": {
        "pair": "TEST_USDT",
        "budget_per_trade": 10.0,
        "target_profit": 2.0,
        "max_trades": 10,
        "sleep_between_cycles": 1.0,
        "timeout_minutes": 5,
        "max_daily_loss": 0.05,
        "min_win_rate": 0.5,
        "rate_limit_enabled": true,
        "rate_limit_strategy": "sliding_window",
        "rate_limit_safety_margin": 0.8,
        "created_at": "2025-08-13T10:29:29.631948"
      },
      "created_at": "2025-08-13T10:29:29.632398",
      "started_at": null,
      "stopped_at": null,
      "trade_count": 0,
      "profit_loss": 0.0,
      "last_error": null
    },
    "bot_TEST_USDT_1755073892": {
      "bot_id": "bot_TEST_USDT_1755073892",
      "pair": "TEST_USDT",
      "status": "idle",
      "config": {
        "pair": "TEST_USDT",
        "budget_per_trade": 10.0,
        "target_profit": 2.0,
        "max_trades": 10,
        "sleep_between_cycles": 1.0,
        "timeout_minutes": 5,
        "max_daily_loss": 0.05,
        "min_win_rate": 0.5,
        "rate_limit_enabled": true,
        "rate_limit_strategy": "sliding_window",
        "rate_limit_safety_margin": 0.8,
        "created_at": "2025-08-13T10:31:32.622356"
      },
      "created_at": "2025-08-13T10:31:32.622669",
      "started_at": null,
      "stopped_at": null,
      "trade_count": 0,
      "profit_loss": 0.0,
      "last_error": null
    }
  },
  "timestamp": "2025-08-13T10:31:32.622677"
}