[
  {
    "timestamp": "2025-08-12T04:21:57.634862",
    "session_id": "session_20250812_042157",
    "operation_type": "USER_ACTION",
    "trading_pair": "XNY_USDT",
    "percentage": 100,
    "quantity": 448.2,
    "price": 0.016339,
    "total_value_usdt": 7.32,
    "order_id": "",
    "order_status": "PENDING",
    "fees_estimated": 0,
    "fee_rate": 0,
    "gt_points_used": false,
    "balance_before": 448.2,
    "balance_after": 448.2,
    "price_source": "CURRENT",
    "execution_time_ms": 0,
    "user_action": "KEY_100%",
    "notes": "User pressed key 100% - Order preparation"
  },
  {
    "timestamp": "2025-08-12T04:27:56.009735",
    "session_id": "session_20250812_042756",
    "operation_type": "USER_ACTION",
    "trading_pair": "XNY_USDT",
    "percentage": 100,
    "quantity": 448.2,
    "price": 0.015903,
    "total_value_usdt": 7.13,
    "order_id": "",
    "order_status": "PENDING",
    "fees_estimated": 0,
    "fee_rate": 0,
    "gt_points_used": false,
    "balance_before": 448.2,
    "balance_after": 448.2,
    "price_source": "CURRENT",
    "execution_time_ms": 0,
    "user_action": "KEY_100%",
    "notes": "User pressed key 100% - Order preparation"
  },
  {
    "timestamp": "2025-08-12T04:27:58.038206",
    "session_id": "session_20250812_042758",
    "operation_type": "USER_ACTION",
    "trading_pair": "XNY_USDT",
    "percentage": 100,
    "quantity": 448.2,
    "price": 0.015872,
    "total_value_usdt": 7.11,
    "order_id": "",
    "order_status": "PENDING",
    "fees_estimated": 0,
    "fee_rate": 0,
    "gt_points_used": false,
    "balance_before": 448.2,
    "balance_after": 448.2,
    "price_source": "CURRENT",
    "execution_time_ms": 0,
    "user_action": "KEY_100%",
    "notes": "User pressed key 100% - Order preparation"
  },
  {
    "timestamp": "2025-08-12T04:27:59.111426",
    "session_id": "session_20250812_042759",
    "operation_type": "USER_ACTION",
    "trading_pair": "XNY_USDT",
    "percentage": 100,
    "quantity": 448.2,
    "price": 0.015872,
    "total_value_usdt": 7.11,
    "order_id": "",
    "order_status": "PENDING",
    "fees_estimated": 0,
    "fee_rate": 0,
    "gt_points_used": false,
    "balance_before": 448.2,
    "balance_after": 448.2,
    "price_source": "CURRENT",
    "execution_time_ms": 0,
    "user_action": "KEY_100%",
    "notes": "User pressed key 100% - Order preparation"
  },
  {
    "timestamp": "2025-08-12T04:28:09.119157",
    "session_id": "session_20250812_042809",
    "operation_type": "USER_ACTION",
    "trading_pair": "XNY_USDT",
    "percentage": 100,
    "quantity": 448.2,
    "price": 0.015872,
    "total_value_usdt": 7.11,
    "order_id": "",
    "order_status": "PENDING",
    "fees_estimated": 0,
    "fee_rate": 0,
    "gt_points_used": false,
    "balance_before": 448.2,
    "balance_after": 448.2,
    "price_source": "CURRENT",
    "execution_time_ms": 0,
    "user_action": "KEY_100%",
    "notes": "User pressed key 100% - Order preparation"
  },
  {
    "timestamp": "2025-08-12T04:28:25.680040",
    "session_id": "session_20250812_042809",
    "operation_type": "ORDER_EXECUTION",
    "trading_pair": "XNY_USDT",
    "percentage": 100,
    "quantity": 448.2,
    "price": 0.015799,
    "total_value_usdt": 7.08,
    "order_id": "893967594121",
    "order_status": "SUCCESS",
    "fees_estimated": 0.007081,
    "fee_rate": 0.001,
    "gt_points_used": false,
    "balance_before": 448.2,
    "balance_after": 448.2,
    "price_source": "BOOK_OPTIMAL",
    "execution_time_ms": 827,
    "user_action": "EXECUTE_100%",
    "notes": "Order executed successfully"
  },
  {
    "timestamp": "2025-08-12T20:25:27.938317",
    "session_id": "session_20250812_202527",
    "operation_type": "USER_ACTION",
    "trading_pair": "XNY_USDT",
    "percentage": 100,
    "quantity": 9038.9,
    "price": 0.017291,
    "total_value_usdt": 156.29,
    "order_id": "",
    "order_status": "PENDING",
    "fees_estimated": 0,
    "fee_rate": 0,
    "gt_points_used": false,
    "balance_before": 9038.9,
    "balance_after": 9038.9,
    "price_source": "CURRENT",
    "execution_time_ms": 0,
    "user_action": "KEY_100%",
    "notes": "User pressed key 100% - Order preparation"
  },
  {
    "timestamp": "2025-08-12T20:34:37.377447",
    "session_id": "session_20250812_202527",
    "operation_type": "ORDER_EXECUTION",
    "trading_pair": "XNY_USDT",
    "percentage": 100,
    "quantity": 8318.2,
    "price": 0.01692,
    "total_value_usdt": 140.74,
    "order_id": "894412305073",
    "order_status": "SUCCESS",
    "fees_estimated": 0.140744,
    "fee_rate": 0.001,
    "gt_points_used": false,
    "balance_before": 8318.2,
    "balance_after": 8318.2,
    "price_source": "BOOK_OPTIMAL",
    "execution_time_ms": 1225,
    "user_action": "EXECUTE_100%",
    "notes": "Order executed successfully"
  },
  {
    "timestamp": "2025-08-12T20:51:13.238088",
    "session_id": "session_20250812_205113",
    "operation_type": "USER_ACTION",
    "trading_pair": "XNY_USDT",
    "percentage": 25,
    "quantity": 0.0,
    "price": 0.017276,
    "total_value_usdt": 0.0,
    "order_id": "",
    "order_status": "PENDING",
    "fees_estimated": 0,
    "fee_rate": 0,
    "gt_points_used": false,
    "balance_before": 0,
    "balance_after": 0,
    "price_source": "CURRENT",
    "execution_time_ms": 0,
    "user_action": "KEY_25%",
    "notes": "User pressed key 25% - Order preparation"
  },
  {
    "timestamp": "2025-08-12T20:51:36.283145",
    "session_id": "session_20250812_205113",
    "operation_type": "ORDER_ERROR",
    "trading_pair": "XNY_USDT",
    "percentage": 25,
    "quantity": 0,
    "price": 0,
    "total_value_usdt": 0,
    "order_id": "",
    "order_status": "ERROR",
    "fees_estimated": 0,
    "fee_rate": 0,
    "gt_points_used": false,
    "balance_before": 0,
    "balance_after": 0,
    "price_source": "N/A",
    "execution_time_ms": 285,
    "user_action": "ERROR_25%",
    "notes": "Saldo XNY insufficiente (0.000000)"
  },
  {
    "timestamp": "2025-08-12T20:51:40.188188",
    "session_id": "session_20250812_205140",
    "operation_type": "USER_ACTION",
    "trading_pair": "XNY_USDT",
    "percentage": 25,
    "quantity": 0.0,
    "price": 0.01735,
    "total_value_usdt": 0.0,
    "order_id": "",
    "order_status": "PENDING",
    "fees_estimated": 0,
    "fee_rate": 0,
    "gt_points_used": false,
    "balance_before": 0,
    "balance_after": 0,
    "price_source": "CURRENT",
    "execution_time_ms": 0,
    "user_action": "KEY_25%",
    "notes": "User pressed key 25% - Order preparation"
  },
  {
    "timestamp": "2025-08-12T23:38:42.180005",
    "session_id": "session_20250812_233842",
    "operation_type": "USER_ACTION",
    "trading_pair": "XNY_USDT",
    "percentage": 25,
    "quantity": 3816.97877467,
    "price": 0.0,
    "total_value_usdt": 64.35,
    "order_id": "",
    "order_status": "PENDING",
    "fees_estimated": 0,
    "fee_rate": 0,
    "gt_points_used": false,
    "balance_before": 257.41704856,
    "balance_after": 257.41704856,
    "price_source": "CURRENT",
    "execution_time_ms": 0,
    "user_action": "KEY_25%",
    "notes": "User selected 25% sell order"
  },
  {
    "timestamp": "2025-08-12T23:50:00.615958",
    "session_id": "session_20250812_235000",
    "operation_type": "USER_ACTION",
    "trading_pair": "XNY_USDT",
    "percentage": 25,
    "quantity": 0.01435,
    "price": 0.016987,
    "total_value_usdt": 0.0,
    "order_id": "",
    "order_status": "PENDING",
    "fees_estimated": 0,
    "fee_rate": 0,
    "gt_points_used": false,
    "balance_before": 0.0574,
    "balance_after": 0.0574,
    "price_source": "CURRENT",
    "execution_time_ms": 0,
    "user_action": "KEY_25%",
    "notes": "User pressed key 25% - Order preparation"
  },
  {
    "timestamp": "2025-08-12T23:50:07.137378",
    "session_id": "session_20250812_235007",
    "operation_type": "USER_ACTION",
    "trading_pair": "XNY_USDT",
    "percentage": 25,
    "quantity": 0.01435,
    "price": 0.016987,
    "total_value_usdt": 0.0,
    "order_id": "",
    "order_status": "PENDING",
    "fees_estimated": 0,
    "fee_rate": 0,
    "gt_points_used": false,
    "balance_before": 0.0574,
    "balance_after": 0.0574,
    "price_source": "CURRENT",
    "execution_time_ms": 0,
    "user_action": "KEY_25%",
    "notes": "User pressed key 25% - Order preparation"
  },
  {
    "timestamp": "2025-08-12T23:50:18.576706",
    "session_id": "session_20250812_235018",
    "operation_type": "USER_ACTION",
    "trading_pair": "XNY_USDT",
    "percentage": 25,
    "quantity": 3776.65857634,
    "price": 0.0,
    "total_value_usdt": 64.35,
    "order_id": "",
    "order_status": "PENDING",
    "fees_estimated": 0,
    "fee_rate": 0,
    "gt_points_used": false,
    "balance_before": 257.41704856,
    "balance_after": 257.41704856,
    "price_source": "CURRENT",
    "execution_time_ms": 0,
    "user_action": "KEY_25%",
    "notes": "User selected 25% sell order"
  },
  {
    "timestamp": "2025-08-12T23:50:20.512715",
    "session_id": "session_20250812_235020",
    "operation_type": "USER_ACTION",
    "trading_pair": "XNY_USDT",
    "percentage": 25,
    "quantity": 3776.65857634,
    "price": 0.0,
    "total_value_usdt": 64.35,
    "order_id": "",
    "order_status": "PENDING",
    "fees_estimated": 0,
    "fee_rate": 0,
    "gt_points_used": false,
    "balance_before": 257.41704856,
    "balance_after": 257.41704856,
    "price_source": "CURRENT",
    "execution_time_ms": 0,
    "user_action": "KEY_25%",
    "notes": "User selected 25% sell order"
  },
  {
    "timestamp": "2025-08-12T23:50:21.601422",
    "session_id": "session_20250812_235021",
    "operation_type": "USER_ACTION",
    "trading_pair": "XNY_USDT",
    "percentage": 25,
    "quantity": 3776.65857634,
    "price": 0.0,
    "total_value_usdt": 64.35,
    "order_id": "",
    "order_status": "PENDING",
    "fees_estimated": 0,
    "fee_rate": 0,
    "gt_points_used": false,
    "balance_before": 257.41704856,
    "balance_after": 257.41704856,
    "price_source": "CURRENT",
    "execution_time_ms": 0,
    "user_action": "KEY_25%",
    "notes": "User selected 25% sell order"
  },
  {
    "timestamp": "2025-08-12T23:50:22.442365",
    "session_id": "session_20250812_235022",
    "operation_type": "USER_ACTION",
    "trading_pair": "XNY_USDT",
    "percentage": 25,
    "quantity": 3776.65857634,
    "price": 0.0,
    "total_value_usdt": 64.35,
    "order_id": "",
    "order_status": "PENDING",
    "fees_estimated": 0,
    "fee_rate": 0,
    "gt_points_used": false,
    "balance_before": 257.41704856,
    "balance_after": 257.41704856,
    "price_source": "CURRENT",
    "execution_time_ms": 0,
    "user_action": "KEY_25%",
    "notes": "User selected 25% sell order"
  },
  {
    "timestamp": "2025-08-12T23:50:23.138007",
    "session_id": "session_20250812_235023",
    "operation_type": "USER_ACTION",
    "trading_pair": "XNY_USDT",
    "percentage": 25,
    "quantity": 3776.65857634,
    "price": 0.0,
    "total_value_usdt": 64.35,
    "order_id": "",
    "order_status": "PENDING",
    "fees_estimated": 0,
    "fee_rate": 0,
    "gt_points_used": false,
    "balance_before": 257.41704856,
    "balance_after": 257.41704856,
    "price_source": "CURRENT",
    "execution_time_ms": 0,
    "user_action": "KEY_25%",
    "notes": "User selected 25% sell order"
  },
  {
    "timestamp": "2025-08-12T23:50:24.312882",
    "session_id": "session_20250812_235024",
    "operation_type": "USER_ACTION",
    "trading_pair": "XNY_USDT",
    "percentage": 25,
    "quantity": 3776.65857634,
    "price": 0.0,
    "total_value_usdt": 64.35,
    "order_id": "",
    "order_status": "PENDING",
    "fees_estimated": 0,
    "fee_rate": 0,
    "gt_points_used": false,
    "balance_before": 257.41704856,
    "balance_after": 257.41704856,
    "price_source": "CURRENT",
    "execution_time_ms": 0,
    "user_action": "KEY_25%",
    "notes": "User selected 25% sell order"
  },
  {
    "timestamp": "2025-08-12T23:50:25.018202",
    "session_id": "session_20250812_235025",
    "operation_type": "USER_ACTION",
    "trading_pair": "XNY_USDT",
    "percentage": 25,
    "quantity": 3776.65857634,
    "price": 0.0,
    "total_value_usdt": 64.35,
    "order_id": "",
    "order_status": "PENDING",
    "fees_estimated": 0,
    "fee_rate": 0,
    "gt_points_used": false,
    "balance_before": 257.41704856,
    "balance_after": 257.41704856,
    "price_source": "CURRENT",
    "execution_time_ms": 0,
    "user_action": "KEY_25%",
    "notes": "User selected 25% sell order"
  },
  {
    "timestamp": "2025-08-12T23:50:25.671999",
    "session_id": "session_20250812_235025",
    "operation_type": "USER_ACTION",
    "trading_pair": "XNY_USDT",
    "percentage": 25,
    "quantity": 3776.65857634,
    "price": 0.0,
    "total_value_usdt": 64.35,
    "order_id": "",
    "order_status": "PENDING",
    "fees_estimated": 0,
    "fee_rate": 0,
    "gt_points_used": false,
    "balance_before": 257.41704856,
    "balance_after": 257.41704856,
    "price_source": "CURRENT",
    "execution_time_ms": 0,
    "user_action": "KEY_25%",
    "notes": "User selected 25% sell order"
  },
  {
    "timestamp": "2025-08-12T23:50:27.469669",
    "session_id": "session_20250812_235027",
    "operation_type": "USER_ACTION",
    "trading_pair": "XNY_USDT",
    "percentage": 25,
    "quantity": 3776.65857634,
    "price": 0.0,
    "total_value_usdt": 64.35,
    "order_id": "",
    "order_status": "PENDING",
    "fees_estimated": 0,
    "fee_rate": 0,
    "gt_points_used": false,
    "balance_before": 257.41704856,
    "balance_after": 257.41704856,
    "price_source": "CURRENT",
    "execution_time_ms": 0,
    "user_action": "KEY_25%",
    "notes": "User selected 25% sell order"
  },
  {
    "timestamp": "2025-08-12T23:50:28.595175",
    "session_id": "session_20250812_235028",
    "operation_type": "USER_ACTION",
    "trading_pair": "XNY_USDT",
    "percentage": 25,
    "quantity": 3776.65857634,
    "price": 0.0,
    "total_value_usdt": 64.35,
    "order_id": "",
    "order_status": "PENDING",
    "fees_estimated": 0,
    "fee_rate": 0,
    "gt_points_used": false,
    "balance_before": 257.41704856,
    "balance_after": 257.41704856,
    "price_source": "CURRENT",
    "execution_time_ms": 0,
    "user_action": "KEY_25%",
    "notes": "User selected 25% sell order"
  },
  {
    "timestamp": "2025-08-12T23:50:29.708027",
    "session_id": "session_20250812_235029",
    "operation_type": "USER_ACTION",
    "trading_pair": "XNY_USDT",
    "percentage": 25,
    "quantity": 3776.65857634,
    "price": 0.0,
    "total_value_usdt": 64.35,
    "order_id": "",
    "order_status": "PENDING",
    "fees_estimated": 0,
    "fee_rate": 0,
    "gt_points_used": false,
    "balance_before": 257.41704856,
    "balance_after": 257.41704856,
    "price_source": "CURRENT",
    "execution_time_ms": 0,
    "user_action": "KEY_25%",
    "notes": "User selected 25% sell order"
  },
  {
    "timestamp": "2025-08-13T00:01:25.782385",
    "session_id": "session_20250813_000125",
    "operation_type": "USER_ACTION",
    "trading_pair": "CRO_USDT",
    "percentage": 25,
    "quantity": 386.860608,
    "price": 0.0,
    "total_value_usdt": 64.35,
    "order_id": "",
    "order_status": "PENDING",
    "fees_estimated": 0,
    "fee_rate": 0,
    "gt_points_used": false,
    "balance_before": 257.41704856,
    "balance_after": 257.41704856,
    "price_source": "CURRENT",
    "execution_time_ms": 0,
    "user_action": "KEY_25%",
    "notes": "User selected 25% sell order"
  },
  {
    "timestamp": "2025-08-13T00:01:32.552248",
    "session_id": "session_20250813_000125",
    "operation_type": "ORDER_EXECUTION",
    "trading_pair": "CRO_USDT",
    "percentage": 25,
    "quantity": 386.83735358,
    "price": 0.16636,
    "total_value_usdt": 64.35,
    "order_id": "894501807440",
    "order_status": "SUCCESS",
    "fees_estimated": 0,
    "fee_rate": 0,
    "gt_points_used": false,
    "balance_before": 257.41704856,
    "balance_after": 257.41704856,
    "price_source": "BOOK_OPTIMAL",
    "execution_time_ms": 558,
    "user_action": "EXECUTE_25%",
    "notes": "Order executed successfully"
  }
]