[
  {
    "timestamp": "2025-08-13T00:07:07.539674",
    "session_id": "session_20250813_000707",
    "operation_type": "USER_ACTION",
    "trading_pair": "XNY_USDT",
    "percentage": 25,
    "quantity": 2858.68292116,
    "price": 0.016884,
    "total_value_usdt": 48.27,
    "order_id": "",
    "order_status": "PENDING",
    "fees_estimated": 0,
    "fee_rate": 0,
    "gt_points_used": false,
    "balance_before": 193.06400976,
    "balance_after": 193.06400976,
    "price_source": "CURRENT",
    "execution_time_ms": 0,
    "user_action": "KEY_25%",
    "notes": "User selected 25% sell order"
  },
  {
    "timestamp": "2025-08-13T00:07:11.463722",
    "session_id": "session_20250813_000707",
    "operation_type": "ORDER_EXECUTION",
    "trading_pair": "XNY_USDT",
    "percentage": 25,
    "quantity": 2851.08408299,
    "price": 0.016929,
    "total_value_usdt": 48.27,
    "order_id": "894504690952",
    "order_status": "SUCCESS",
    "fees_estimated": 0,
    "fee_rate": 0,
    "gt_points_used": false,
    "balance_before": 193.06400976,
    "balance_after": 193.06400976,
    "price_source": "BOOK_OPTIMAL",
    "execution_time_ms": 513,
    "user_action": "EXECUTE_25%",
    "notes": "Order executed successfully"
  },
  {
    "timestamp": "2025-08-13T00:07:19.965729",
    "session_id": "session_20250813_000719",
    "operation_type": "USER_ACTION",
    "trading_pair": "XNY_USDT",
    "percentage": 25,
    "quantity": 712.0516,
    "price": 0.016929,
    "total_value_usdt": 12.05,
    "order_id": "",
    "order_status": "PENDING",
    "fees_estimated": 0,
    "fee_rate": 0,
    "gt_points_used": false,
    "balance_before": 2848.2064,
    "balance_after": 2848.2064,
    "price_source": "CURRENT",
    "execution_time_ms": 0,
    "user_action": "KEY_25%",
    "notes": "User pressed key 25% - Order preparation"
  },
  {
    "timestamp": "2025-08-13T00:07:30.162598",
    "session_id": "session_20250813_000730",
    "operation_type": "USER_ACTION",
    "trading_pair": "XNY_USDT",
    "percentage": 25,
    "quantity": 712.0516,
    "price": 0.016929,
    "total_value_usdt": 12.05,
    "order_id": "",
    "order_status": "PENDING",
    "fees_estimated": 0,
    "fee_rate": 0,
    "gt_points_used": false,
    "balance_before": 2848.2064,
    "balance_after": 2848.2064,
    "price_source": "CURRENT",
    "execution_time_ms": 0,
    "user_action": "KEY_25%",
    "notes": "User pressed key 25% - Order preparation"
  },
  {
    "timestamp": "2025-08-13T00:07:37.410233",
    "session_id": "session_20250813_000730",
    "operation_type": "ORDER_EXECUTION",
    "trading_pair": "XNY_USDT",
    "percentage": 25,
    "quantity": 712.0516,
    "price": 0.016884,
    "total_value_usdt": 12.02,
    "order_id": "894504883093",
    "order_status": "SUCCESS",
    "fees_estimated": 0.012022,
    "fee_rate": 0.001,
    "gt_points_used": false,
    "balance_before": 2848.2064,
    "balance_after": 2848.2064,
    "price_source": "BOOK_OPTIMAL",
    "execution_time_ms": 844,
    "user_action": "EXECUTE_25%",
    "notes": "Order executed successfully"
  },
  {
    "timestamp": "2025-08-13T00:07:42.573755",
    "session_id": "session_20250813_000742",
    "operation_type": "USER_ACTION",
    "trading_pair": "XNY_USDT",
    "percentage": 25,
    "quantity": 2321.86069586,
    "price": 0.016884,
    "total_value_usdt": 39.2,
    "order_id": "",
    "order_status": "PENDING",
    "fees_estimated": 0,
    "fee_rate": 0,
    "gt_points_used": false,
    "balance_before": 156.80918396,
    "balance_after": 156.80918396,
    "price_source": "CURRENT",
    "execution_time_ms": 0,
    "user_action": "KEY_25%",
    "notes": "User selected 25% sell order"
  },
  {
    "timestamp": "2025-08-13T00:12:14.263881",
    "session_id": "session_20250813_001214",
    "operation_type": "USER_ACTION",
    "trading_pair": "XNY_USDT",
    "percentage": 25,
    "quantity": 2336.8082969,
    "price": 0.016776,
    "total_value_usdt": 39.2,
    "order_id": "",
    "order_status": "PENDING",
    "fees_estimated": 0,
    "fee_rate": 0,
    "gt_points_used": false,
    "balance_before": 156.80918396,
    "balance_after": 156.80918396,
    "price_source": "CURRENT",
    "execution_time_ms": 0,
    "user_action": "KEY_25%",
    "notes": "User selected 25% sell order"
  },
  {
    "timestamp": "2025-08-13T00:12:20.685599",
    "session_id": "session_20250813_001214",
    "operation_type": "ORDER_EXECUTION",
    "trading_pair": "XNY_USDT",
    "percentage": 25,
    "quantity": 2344.63492756,
    "price": 0.01672,
    "total_value_usdt": 39.2,
    "order_id": "894506870680",
    "order_status": "SUCCESS",
    "fees_estimated": 0,
    "fee_rate": 0,
    "gt_points_used": false,
    "balance_before": 156.80918396,
    "balance_after": 156.80918396,
    "price_source": "BOOK_OPTIMAL",
    "execution_time_ms": 577,
    "user_action": "EXECUTE_25%",
    "notes": "Order executed successfully"
  },
  {
    "timestamp": "2025-08-13T00:12:39.092041",
    "session_id": "session_20250813_001239",
    "operation_type": "USER_ACTION",
    "trading_pair": "XNY_USDT",
    "percentage": 25,
    "quantity": 705.03045,
    "price": 0.01672,
    "total_value_usdt": 11.79,
    "order_id": "",
    "order_status": "PENDING",
    "fees_estimated": 0,
    "fee_rate": 0,
    "gt_points_used": false,
    "balance_before": 2820.1218,
    "balance_after": 2820.1218,
    "price_source": "CURRENT",
    "execution_time_ms": 0,
    "user_action": "KEY_25%",
    "notes": "User pressed key 25% - Order preparation"
  },
  {
    "timestamp": "2025-08-13T00:12:44.614444",
    "session_id": "session_20250813_001239",
    "operation_type": "ORDER_EXECUTION",
    "trading_pair": "XNY_USDT",
    "percentage": 25,
    "quantity": 705.03045,
    "price": 0.01672,
    "total_value_usdt": 11.79,
    "order_id": "894507030981",
    "order_status": "SUCCESS",
    "fees_estimated": 0.011788,
    "fee_rate": 0.001,
    "gt_points_used": false,
    "balance_before": 2820.1218,
    "balance_after": 4478.4618,
    "price_source": "BOOK_OPTIMAL",
    "execution_time_ms": 834,
    "user_action": "EXECUTE_25%",
    "notes": "Order executed successfully"
  },
  {
    "timestamp": "2025-08-13T00:16:38.746527",
    "session_id": "session_20250813_001638",
    "operation_type": "USER_ACTION",
    "trading_pair": "XNY_USDT",
    "percentage": 100,
    "quantity": 4478.4618,
    "price": 0.016676,
    "total_value_usdt": 74.68,
    "order_id": "",
    "order_status": "PENDING",
    "fees_estimated": 0,
    "fee_rate": 0,
    "gt_points_used": false,
    "balance_before": 4478.4618,
    "balance_after": 4478.4618,
    "price_source": "CURRENT",
    "execution_time_ms": 0,
    "user_action": "KEY_100%",
    "notes": "User pressed key 100% - Order preparation"
  },
  {
    "timestamp": "2025-08-13T00:44:48.083574",
    "session_id": "session_20250813_004448",
    "operation_type": "USER_ACTION",
    "trading_pair": "XNY_USDT",
    "percentage": 25,
    "quantity": 2965.23133325,
    "price": 0.016292,
    "total_value_usdt": 48.31,
    "order_id": "",
    "order_status": "PENDING",
    "fees_estimated": 0,
    "fee_rate": 0,
    "gt_points_used": false,
    "balance_before": 193.23819553,
    "balance_after": 193.23819553,
    "price_source": "CURRENT",
    "execution_time_ms": 0,
    "user_action": "KEY_25%",
    "notes": "User selected 25% sell order"
  },
  {
    "timestamp": "2025-08-13T00:45:02.319647",
    "session_id": "session_20250813_004448",
    "operation_type": "ORDER_EXECUTION",
    "trading_pair": "XNY_USDT",
    "percentage": 25,
    "quantity": 2964.50349051,
    "price": 0.016296,
    "total_value_usdt": 48.31,
    "order_id": "894519940375",
    "order_status": "SUCCESS",
    "fees_estimated": 0,
    "fee_rate": 0,
    "gt_points_used": false,
    "balance_before": 193.23819553,
    "balance_after": 193.23819553,
    "price_source": "BOOK_OPTIMAL",
    "execution_time_ms": 604,
    "user_action": "EXECUTE_25%",
    "notes": "Order executed successfully"
  },
  {
    "timestamp": "2025-08-13T00:54:22.618753",
    "session_id": "session_20250813_005422",
    "operation_type": "USER_ACTION",
    "trading_pair": "XNY_USDT",
    "percentage": 100,
    "quantity": 6734.9973,
    "price": 0.015991,
    "total_value_usdt": 107.7,
    "order_id": "",
    "order_status": "PENDING",
    "fees_estimated": 0,
    "fee_rate": 0,
    "gt_points_used": false,
    "balance_before": 6734.9973,
    "balance_after": 6734.9973,
    "price_source": "CURRENT",
    "execution_time_ms": 0,
    "user_action": "KEY_100%",
    "notes": "User pressed key 100% - Order preparation"
  },
  {
    "timestamp": "2025-08-13T01:05:15.851155",
    "session_id": "session_20250813_010515",
    "operation_type": "USER_ACTION",
    "trading_pair": "XNY_USDT",
    "percentage": 100,
    "quantity": 6734.9973,
    "price": 0.016209,
    "total_value_usdt": 109.17,
    "order_id": "",
    "order_status": "PENDING",
    "fees_estimated": 0,
    "fee_rate": 0,
    "gt_points_used": false,
    "balance_before": 6734.9973,
    "balance_after": 6734.9973,
    "price_source": "CURRENT",
    "execution_time_ms": 0,
    "user_action": "KEY_100%",
    "notes": "User pressed key 100% - Order preparation"
  },
  {
    "timestamp": "2025-08-13T01:20:38.277338",
    "session_id": "session_20250813_012038",
    "operation_type": "USER_ACTION",
    "trading_pair": "XNY_USDT",
    "percentage": 25,
    "quantity": 1683.749325,
    "price": 0.015999,
    "total_value_usdt": 26.94,
    "order_id": "",
    "order_status": "PENDING",
    "fees_estimated": 0,
    "fee_rate": 0,
    "gt_points_used": false,
    "balance_before": 6734.9973,
    "balance_after": 6734.9973,
    "price_source": "CURRENT",
    "execution_time_ms": 0,
    "user_action": "KEY_25%",
    "notes": "User pressed key 25% - Order preparation"
  }
]